{
	"info": {
		"_postman_id": "539b3e2e-bf24-4d1c-9b5a-72451d739dfc",
		"name": "Local_Services",
		"schema": "https://schema.getpostman.com/json/collection/v2.1.0/collection.json",
		"_exporter_id": "37862545"
	},
	"item": [
		{
			"name": "admin",
			"item": [
				{
					"name": "category",
					"item": [
						{
							"name": "add",
							"request": {
								"method": "POST",
								"header": [
									{
										"key": "Authorization",
										"value": "{{token}}",
										"type": "text"
									}
								],
								"body": {
									"mode": "formdata",
									"formdata": [
										{
											"key": "name",
											"value": "Health & Wellness",
											"type": "text"
										},
										{
											"key": "description",
											"value": "Health is a state of complete physical, mental and social well-being and not merely the absence of disease or infirmity.",
											"type": "text"
										},
										{
											"key": "image",
											"type": "file",
											"src": "postman-cloud:///1ef82087-97f2-4660-9cb2-b0616fe88a58"
										}
									]
								},
								"url": {
									"raw": "{{baseUrl}}{{admin}}category/add",
									"host": [
										"{{baseUrl}}{{admin}}category"
									],
									"path": [
										"add"
									]
								}
							},
							"response": []
						},
						{
							"name": "all",
							"request": {
								"method": "POST",
								"header": [
									{
										"key": "Authorization",
										"value": "{{token}}",
										"type": "text"
									}
								],
								"body": {
									"mode": "urlencoded",
									"urlencoded": [
										{
											"key": "_id",
											"value": "66daeed07958732b24b46619",
											"type": "text",
											"disabled": true
										}
									]
								},
								"url": {
									"raw": "{{baseUrl}}{{admin}}category/all",
									"host": [
										"{{baseUrl}}{{admin}}category"
									],
									"path": [
										"all"
									]
								}
							},
							"response": []
						},
						{
							"name": "single",
							"request": {
								"method": "POST",
								"header": [
									{
										"key": "Authorization",
										"value": "{{token}}",
										"type": "text"
									}
								],
								"body": {
									"mode": "urlencoded",
									"urlencoded": [
										{
											"key": "_id",
											"value": "66daeddb7958732b24b4660d",
											"type": "text"
										}
									]
								},
								"url": {
									"raw": "{{baseUrl}}{{admin}}category/single",
									"host": [
										"{{baseUrl}}{{admin}}category"
									],
									"path": [
										"single"
									]
								}
							},
							"response": []
						},
						{
							"name": "update",
							"request": {
								"method": "POST",
								"header": [
									{
										"key": "Authorization",
										"value": "{{token}}",
										"type": "text"
									}
								],
								"body": {
									"mode": "formdata",
									"formdata": [
										{
											"key": "_id",
											"value": "66fd658974e3c0d4473bea1f",
											"type": "text"
										},
										{
											"key": "name",
											"value": "Salon",
											"type": "text"
										},
										{
											"key": "decription",
											"value": "",
											"type": "text"
										},
										{
											"key": "image",
											"type": "file",
											"src": "/D:/project/p2.jpg"
										}
									]
								},
								"url": {
									"raw": "{{baseUrl}}{{admin}}category/update",
									"host": [
										"{{baseUrl}}{{admin}}category"
									],
									"path": [
										"update"
									]
								}
							},
							"response": []
						},
						{
							"name": "delete",
							"request": {
								"method": "POST",
								"header": [
									{
										"key": "Authorization",
										"value": "{{token}}",
										"type": "text"
									}
								],
								"body": {
									"mode": "urlencoded",
									"urlencoded": [
										{
											"key": "_id",
											"value": "66e3c6c5f4f03325709e930a",
											"type": "text"
										},
										{
											"key": "name",
											"value": "Salon",
											"type": "text"
										},
										{
											"key": "decription",
											"value": "it's provide all salon services",
											"type": "text"
										}
									]
								},
								"url": {
									"raw": "{{baseUrl}}{{admin}}category/delete",
									"host": [
										"{{baseUrl}}{{admin}}category"
									],
									"path": [
										"delete"
									]
								}
							},
							"response": []
						}
					]
				},
				{
					"name": "booking",
					"item": [
						{
							"name": "all",
							"request": {
								"method": "POST",
								"header": [
									{
										"key": "Authorization",
										"value": "{{token}}",
										"type": "text"
									}
								],
								"body": {
									"mode": "urlencoded",
									"urlencoded": [
										{
											"key": "service",
											"value": "Makeup service",
											"type": "text",
											"disabled": true
										}
									]
								},
								"url": {
									"raw": "{{baseUrl}}{{admin}}booking/all",
									"host": [
										"{{baseUrl}}{{admin}}booking"
									],
									"path": [
										"all"
									]
								}
							},
							"response": []
						},
						{
							"name": "single",
							"request": {
								"method": "POST",
								"header": [
									{
										"key": "Authorization",
										"value": "{{token}}",
										"type": "text"
									}
								],
								"body": {
									"mode": "urlencoded",
									"urlencoded": [
										{
											"key": "_id",
											"value": "66e037a93654583ff8a09f48",
											"type": "text"
										}
									]
								},
								"url": {
									"raw": "{{baseUrl}}{{admin}}booking/single",
									"host": [
										"{{baseUrl}}{{admin}}booking"
									],
									"path": [
										"single"
									]
								}
							},
							"response": []
						},
						{
							"name": "changeStatus",
							"request": {
								"method": "POST",
								"header": [
									{
										"key": "Authorization",
										"value": "{{token}}",
										"type": "text"
									}
								],
								"body": {
									"mode": "urlencoded",
									"urlencoded": [
										{
											"key": "_id",
											"value": "66e97ea29f094f26f6a960f0",
											"type": "text"
										},
										{
											"key": "status",
											"value": "ture",
											"type": "text"
										}
									]
								},
								"url": {
									"raw": "{{baseUrl}}{{admin}}booking/changeStatus",
									"host": [
										"{{baseUrl}}{{admin}}booking"
									],
									"path": [
										"changeStatus"
									]
								}
							},
							"response": []
						}
					]
				},
				{
					"name": "service",
					"item": [
						{
							"name": "single",
							"request": {
								"method": "POST",
								"header": [
									{
										"key": "Authorization",
										"value": "{{token}}",
										"type": "text"
									}
								],
								"body": {
									"mode": "urlencoded",
									"urlencoded": [
										{
											"key": "_id",
											"value": "66daf6b2caa44f02a778c8ee",
											"type": "text"
										}
									]
								},
								"url": {
									"raw": "{{baseUrl}}{{service}}service/single",
									"host": [
										"{{baseUrl}}{{service}}service"
									],
									"path": [
										"single"
									]
								}
							},
							"response": []
						},
						{
							"name": "all",
							"request": {
								"method": "POST",
								"header": [
									{
										"key": "Authorization",
										"value": "{{token}}",
										"type": "text"
									}
								],
								"body": {
									"mode": "urlencoded",
									"urlencoded": [
										{
											"key": "name",
											"value": "Installation",
											"type": "text",
											"disabled": true
										}
									]
								},
								"url": {
									"raw": "{{baseUrl}}{{service}}service/all",
									"host": [
										"{{baseUrl}}{{service}}service"
									],
									"path": [
										"all"
									]
								}
							},
							"response": []
						}
					]
				},
				{
					"name": "review",
					"item": [
						{
							"name": "all",
							"request": {
								"method": "POST",
								"header": [
									{
										"key": "Authorization",
										"value": "{{token}}",
										"type": "text"
									}
								],
								"body": {
									"mode": "urlencoded",
									"urlencoded": [
										{
											"key": "rating",
											"value": "5",
											"type": "text",
											"disabled": true
										}
									]
								},
								"url": {
									"raw": "{{baseUrl}}{{admin}}review/all",
									"host": [
										"{{baseUrl}}{{admin}}review"
									],
									"path": [
										"all"
									]
								}
							},
							"response": []
						},
						{
							"name": "single",
							"request": {
								"method": "POST",
								"header": [
									{
										"key": "Authorization",
										"value": "{{token}}",
										"type": "text"
									}
								],
								"body": {
									"mode": "urlencoded",
									"urlencoded": [
										{
											"key": "_id",
											"value": "66e044b57cda6e6e1fb1b201",
											"type": "text"
										}
									]
								},
								"url": {
									"raw": "{{baseUrl}}{{admin}}review/single",
									"host": [
										"{{baseUrl}}{{admin}}review"
									],
									"path": [
										"single"
									]
								}
							},
							"response": []
						},
						{
							"name": "delete",
							"request": {
								"method": "POST",
								"header": [
									{
										"key": "Authorization",
										"value": "{{token}}",
										"type": "text"
									}
								],
								"body": {
									"mode": "urlencoded",
									"urlencoded": [
										{
											"key": "_id",
											"value": "66e044b57cda6e6e1fb1b201",
											"type": "text"
										}
									]
								},
								"url": {
									"raw": "{{baseUrl}}{{admin}}review/delete",
									"host": [
										"{{baseUrl}}{{admin}}review"
									],
									"path": [
										"delete"
									]
								}
							},
							"response": []
						}
					]
				},
				{
					"name": "serviceProviderProfile",
					"item": [
						{
							"name": "all",
							"request": {
								"method": "POST",
								"header": [
									{
										"key": "Authorization",
										"value": "{{token}}",
										"type": "text"
									}
								],
								"body": {
									"mode": "urlencoded",
									"urlencoded": [
										{
											"key": "name",
											"value": "Ravneet kaur",
											"type": "text",
											"disabled": true
										}
									]
								},
								"url": {
									"raw": "{{baseUrl}}{{service}}serviceProvider/all",
									"host": [
										"{{baseUrl}}{{service}}serviceProvider"
									],
									"path": [
										"all"
									]
								}
							},
							"response": []
						},
						{
							"name": "single",
							"request": {
								"method": "POST",
								"header": [
									{
										"key": "Authorization",
										"value": "{{token}}",
										"type": "text"
									}
								],
								"body": {
									"mode": "urlencoded",
									"urlencoded": [
										{
											"key": "_id",
											"value": "66e04f0a33711edb45749fca",
											"type": "text"
										}
									]
								},
								"url": {
									"raw": "{{baseUrl}}{{admin}}serviceProvider/single",
									"host": [
										"{{baseUrl}}{{admin}}serviceProvider"
									],
									"path": [
										"single"
									]
								}
							},
							"response": []
						},
						{
							"name": "changeStatus",
							"request": {
								"method": "POST",
								"header": [
									{
										"key": "Authorization",
										"value": "{{token}}",
										"type": "text"
									}
								],
								"body": {
									"mode": "urlencoded",
									"urlencoded": [
										{
											"key": "_id",
											"value": "66f237feab3252aaf4c5d37b",
											"type": "text"
										},
										{
											"key": "status",
											"value": "true",
											"type": "text"
										}
									]
								},
								"url": {
									"raw": "{{baseUrl}}{{admin}}serviceProvider/changeStatus",
									"host": [
										"{{baseUrl}}{{admin}}serviceProvider"
									],
									"path": [
										"changeStatus"
									]
								}
							},
							"response": []
						}
					]
				},
				{
					"name": "customerProfile",
					"item": [
						{
							"name": "single",
							"request": {
								"method": "POST",
								"header": [
									{
										"key": "Authorization",
										"value": "{{token}}",
										"type": "text"
									}
								],
								"body": {
									"mode": "urlencoded",
									"urlencoded": [
										{
											"key": "_id",
											"value": "66e05a07bd9a5e1f7249893a",
											"type": "text"
										}
									]
								},
								"url": {
									"raw": "{{baseUrl}}{{admin}}customer/single",
									"host": [
										"{{baseUrl}}{{admin}}customer"
									],
									"path": [
										"single"
									]
								}
							},
							"response": []
						},
						{
							"name": "all",
							"request": {
								"method": "POST",
								"header": [
									{
										"key": "Authorization",
										"value": "{{token}}",
										"type": "text"
									}
								],
								"body": {
									"mode": "urlencoded",
									"urlencoded": [
										{
											"key": "name",
											"value": "Ravneet",
											"type": "text",
											"disabled": true
										}
									]
								},
								"url": {
									"raw": "{{baseUrl}}{{admin}}customer/all",
									"host": [
										"{{baseUrl}}{{admin}}customer"
									],
									"path": [
										"all"
									]
								}
							},
							"response": []
						},
						{
							"name": "changeStatus",
							"request": {
								"method": "POST",
								"header": [
									{
										"key": "Authorization",
										"value": "{{token}}",
										"type": "text"
									}
								],
								"body": {
									"mode": "urlencoded",
									"urlencoded": [
										{
											"key": "_id",
											"value": "66f24917932996740916a9f6",
											"type": "text"
										},
										{
											"key": "status",
											"value": "true",
											"type": "text"
										}
									]
								},
								"url": {
									"raw": "{{baseUrl}}{{admin}}customer/changeStatus",
									"host": [
										"{{baseUrl}}{{admin}}customer"
									],
									"path": [
										"changeStatus"
									]
								}
							},
							"response": []
						}
					]
				},
				{
					"name": "dashboard",
					"item": [
						{
							"name": "dashboard",
							"request": {
								"method": "POST",
								"header": [
									{
										"key": "Authorization",
										"value": "{{token}}",
										"type": "text"
									}
								],
								"url": {
									"raw": "{{baseUrl}}{{admin}}dashboard",
									"host": [
										"{{baseUrl}}{{admin}}dashboard"
									]
								}
							},
							"response": []
						}
					]
				},
				{
					"name": "auth",
					"item": [
						{
							"name": "login",
							"request": {
								"method": "POST",
								"header": [
									{
										"key": "",
										"value": "",
										"type": "text",
										"disabled": true
									}
								],
								"body": {
									"mode": "urlencoded",
									"urlencoded": [
										{
											"key": "email",
											"value": "admin@gmail.com",
											"type": "text"
										},
										{
											"key": "password",
											"value": "123",
											"type": "text"
										}
									]
								},
								"url": {
									"raw": "{{baseUrl}}{{admin}}login",
									"host": [
										"{{baseUrl}}{{admin}}login"
									]
								}
							},
							"response": []
						}
					]
				}
			]
		},
		{
			"name": "customer",
			"item": [
				{
					"name": "booking",
					"item": [
						{
							"name": "add",
							"request": {
								"method": "POST",
								"header": [
									{
										"key": "Authorization",
										"value": "{{token}}",
										"type": "text"
									}
								],
								"body": {
									"mode": "urlencoded",
									"urlencoded": [
										{
											"key": "customerId",
											"value": "66ff75d9da292b31606f2dff",
											"type": "text"
										},
										{
											"key": "customerName",
											"value": "Rav",
											"type": "text"
										},
										{
											"key": "contact",
											"value": "673278378",
											"type": "text"
										},
										{
											"key": "address",
											"value": "Jalandhar",
											"type": "text"
										},
										{
											"key": "serviceId",
											"value": "66ff73fada292b31606f2ded",
											"type": "text"
										},
										{
											"key": "categoryId",
											"value": "66ff6d1bda292b31606f2dc5",
											"type": "text"
										},
										{
											"key": "service",
											"value": "Installation of pipe",
											"type": "text",
											"disabled": true
										},
										{
											"key": "providerId",
											"value": "66ff7109da292b31606f2dd1",
											"type": "text"
										},
										{
											"key": "time",
											"value": "12:00:00",
											"type": "text"
										},
										{
											"key": "date",
											"value": "2024-12-14",
											"type": "text"
										}
									]
								},
								"url": {
									"raw": "{{baseUrl}}{{customer}}booking/add",
									"host": [
										"{{baseUrl}}{{customer}}booking"
									],
									"path": [
										"add"
									]
								}
							},
							"response": []
						},
						{
							"name": "single",
							"request": {
								"method": "POST",
								"header": [
									{
										"key": "Authorization",
										"value": "{{token}}",
										"type": "text"
									}
								],
								"body": {
									"mode": "urlencoded",
									"urlencoded": [
										{
											"key": "_id",
											"value": "66f6867cd0de596af5633aee",
											"type": "text"
										}
									]
								},
								"url": {
									"raw": "{{baseUrl}}{{customer}}booking/single",
									"host": [
										"{{baseUrl}}{{customer}}booking"
									],
									"path": [
										"single"
									]
								}
							},
							"response": []
						}
					]
				},
				{
					"name": "category",
					"item": [
						{
							"name": "all",
							"request": {
								"method": "POST",
								"header": [],
								"body": {
									"mode": "urlencoded",
									"urlencoded": [
										{
											"key": "_id",
											"value": "66daeed07958732b24b46619",
											"type": "text",
											"disabled": true
										}
									]
								},
								"url": {
									"raw": "{{baseUrl}}{{customer}}category/all",
									"host": [
										"{{baseUrl}}{{customer}}category"
									],
									"path": [
										"all"
									]
								}
							},
							"response": []
						},
						{
							"name": "single",
							"request": {
								"method": "POST",
								"header": [],
								"body": {
									"mode": "urlencoded",
									"urlencoded": [
										{
											"key": "_id",
											"value": "66daeddb7958732b24b4660d",
											"type": "text"
										}
									]
								},
								"url": {
									"raw": "{{baseUrl}}{{admin}}category/single",
									"host": [
										"{{baseUrl}}{{admin}}category"
									],
									"path": [
										"single"
									]
								}
							},
							"response": []
						}
					]
				},
				{
					"name": "service",
					"item": [
						{
							"name": "single",
							"request": {
								"method": "POST",
								"header": [],
								"body": {
									"mode": "urlencoded",
									"urlencoded": [
										{
											"key": "_id",
											"value": "66daf6b2caa44f02a778c8ee",
											"type": "text"
										}
									]
								},
								"url": {
									"raw": "{{baseUrl}}{{service}}service/single",
									"host": [
										"{{baseUrl}}{{service}}service"
									],
									"path": [
										"single"
									]
								}
							},
							"response": []
						},
						{
							"name": "all",
							"request": {
								"method": "POST",
								"header": [],
								"body": {
									"mode": "urlencoded",
									"urlencoded": [
										{
											"key": "name",
											"value": "Installation",
											"type": "text",
											"disabled": true
										}
									]
								},
								"url": {
									"raw": "{{baseUrl}}{{service}}service/all",
									"host": [
										"{{baseUrl}}{{service}}service"
									],
									"path": [
										"all"
									]
								}
							},
							"response": []
						}
					]
				},
				{
					"name": "review",
					"item": [
						{
							"name": "add",
							"request": {
								"method": "POST",
								"header": [],
								"body": {
									"mode": "urlencoded",
									"urlencoded": [
										{
											"key": "customerId",
											"value": "66ff75d9da292b31606f2dff",
											"type": "text"
										},
										{
											"key": "serviceId",
											"value": "66ff73fada292b31606f2ded",
											"type": "text"
										},
										{
											"key": "providerId",
											"value": "66ff7109da292b31606f2dd1",
											"type": "text"
										},
										{
											"key": "review",
											"value": "Good sevice",
											"type": "text"
										},
										{
											"key": "rating",
											"value": "5",
											"type": "text"
										}
									]
								},
								"url": {
									"raw": "{{baseUrl}}{{customer}}review/add",
									"host": [
										"{{baseUrl}}{{customer}}review"
									],
									"path": [
										"add"
									]
								}
							},
							"response": []
						},
						{
							"name": "all",
							"request": {
								"method": "POST",
								"header": [],
								"body": {
									"mode": "urlencoded",
									"urlencoded": [
										{
											"key": "rating",
											"value": "5",
											"type": "text",
											"disabled": true
										}
									]
								},
								"url": {
									"raw": "{{baseUrl}}{{customer}}review/all",
									"host": [
										"{{baseUrl}}{{customer}}review"
									],
									"path": [
										"all"
									]
								}
							},
							"response": []
						},
						{
							"name": "single",
							"request": {
								"method": "POST",
								"header": [],
								"body": {
									"mode": "urlencoded",
									"urlencoded": [
										{
											"key": "_id",
											"value": "66e98abc28fa4aa22f50cc2d",
											"type": "text"
										}
									]
								},
								"url": {
									"raw": "{{baseUrl}}{{customer}}review/single",
									"host": [
										"{{baseUrl}}{{customer}}review"
									],
									"path": [
										"single"
									]
								}
							},
							"response": []
						}
					]
				},
				{
					"name": "serviceProviderProfile",
					"item": [
						{
							"name": "single",
							"request": {
								"method": "POST",
								"header": [],
								"body": {
									"mode": "urlencoded",
									"urlencoded": [
										{
											"key": "_id",
											"value": "66e04f0a33711edb45749fca",
											"type": "text"
										}
									]
								},
								"url": {
									"raw": "{{baseUrl}}{{customer}}serviceProvider/single",
									"host": [
										"{{baseUrl}}{{customer}}serviceProvider"
									],
									"path": [
										"single"
									]
								}
							},
							"response": []
						},
						{
							"name": "all",
							"request": {
								"method": "POST",
								"header": [],
								"body": {
									"mode": "urlencoded",
									"urlencoded": [
										{
											"key": "name",
											"value": "Ravneet kaur",
											"type": "text",
											"disabled": true
										}
									]
								},
								"url": {
									"raw": "{{baseUrl}}{{customer}}serviceProvider/all",
									"host": [
										"{{baseUrl}}{{customer}}serviceProvider"
									],
									"path": [
										"all"
									]
								}
							},
							"response": []
						}
					]
				},
				{
					"name": "customerProfile",
					"item": [
						{
							"name": "add",
							"request": {
								"method": "POST",
								"header": [],
								"body": {
									"mode": "urlencoded",
									"urlencoded": [
										{
											"key": "name",
											"value": "Manvi ",
											"type": "text"
										},
										{
											"key": "email",
											"value": "manvi@gmail.com1",
											"type": "text"
										},
										{
											"key": "password",
											"value": "123",
											"type": "text"
										},
										{
											"key": "contact",
											"value": "436473473847",
											"type": "text"
										},
										{
											"key": "address",
											"value": "Hoshiarpur",
											"type": "text"
										}
									]
								},
								"url": {
									"raw": "{{baseUrl}}{{customer}}customer/add",
									"host": [
										"{{baseUrl}}{{customer}}customer"
									],
									"path": [
										"add"
									]
								}
							},
							"response": []
						},
						{
							"name": "single",
							"request": {
								"method": "POST",
								"header": [
									{
										"key": "Authorization",
										"value": "{{token}}",
										"type": "text"
									}
								],
								"body": {
									"mode": "urlencoded",
									"urlencoded": [
										{
											"key": "_id",
											"value": "66e05a07bd9a5e1f7249893a",
											"type": "text"
										}
									]
								},
								"url": {
									"raw": "{{baseUrl}}{{customer}}customer/single",
									"host": [
										"{{baseUrl}}{{customer}}customer"
									],
									"path": [
										"single"
									]
								}
							},
							"response": []
						},
						{
							"name": "update",
							"request": {
								"method": "POST",
								"header": [
									{
										"key": "Authorization",
										"value": "{{token}}",
										"type": "text"
									}
								],
								"body": {
									"mode": "urlencoded",
									"urlencoded": [
										{
											"key": "_id",
											"value": "66f236c6722d5c25a0aa8391",
											"type": "text"
										},
										{
											"key": "name",
											"value": "Ravneet",
											"type": "text"
										},
										{
											"key": "email",
											"value": "rav@gmail.com",
											"type": "text"
										},
										{
											"key": "contact",
											"value": "612172671627",
											"type": "text"
										},
										{
											"key": "address",
											"value": "Hoshiarpur",
											"type": "text"
										}
									]
								},
								"url": {
									"raw": "{{baseUrl}}{{customer}}customer/update",
									"host": [
										"{{baseUrl}}{{customer}}customer"
									],
									"path": [
										"update"
									]
								}
							},
							"response": []
						},
						{
							"name": "login",
							"request": {
								"method": "POST",
								"header": [
									{
										"key": "Authorization",
										"value": "token",
										"type": "text",
										"disabled": true
									}
								],
								"body": {
									"mode": "urlencoded",
									"urlencoded": [
										{
											"key": "email",
											"value": "rav@gmail.com",
											"type": "text"
										},
										{
											"key": "password",
											"value": "123",
											"type": "text"
										}
									]
								},
								"url": {
									"raw": "{{baseUrl}}{{customer}}login",
									"host": [
										"{{baseUrl}}{{customer}}login"
									]
								}
							},
							"response": []
						},
						{
							"name": "changePassword",
							"request": {
								"method": "POST",
								"header": [
									{
										"key": "Authorization",
										"value": "{{token}}",
										"type": "text"
									}
								],
								"body": {
									"mode": "urlencoded",
									"urlencoded": [
										{
											"key": "_id",
											"value": "66f24917932996740916a9f3",
											"type": "text"
										},
										{
											"key": "currentPassword",
											"value": "123",
											"type": "text"
										},
										{
											"key": "newPassword",
											"value": "123",
											"type": "text"
										}
									]
								},
								"url": {
									"raw": "{{baseUrl}}{{customer}}changePassword",
									"host": [
										"{{baseUrl}}{{customer}}changePassword"
									]
								}
							},
							"response": []
						}
					]
				}
			]
		},
		{
			"name": "serviceProvider",
			"item": [
				{
					"name": "services",
					"item": [
						{
							"name": "add",
							"request": {
								"method": "POST",
								"header": [
									{
										"key": "Authorization",
										"value": "{{token}}",
										"type": "text"
									}
								],
								"body": {
									"mode": "formdata",
									"formdata": [
										{
											"key": "name",
											"value": "Yoga",
											"type": "text"
										},
										{
											"key": "description",
											"value": "Yoga is a practice that connects the body, breath, and mind. It uses physical postures, breathing exercises, and meditation to improve overall health.",
											"type": "text"
										},
										{
											"key": "price",
											"value": "1000",
											"type": "text"
										},
										{
											"key": "categoryId",
											"value": "66ff6ddeda292b31606f2dc9",
											"type": "text"
										},
										{
											"key": "serviceProviderId",
											"value": "66ff723cda292b31606f2de9",
											"type": "text"
										},
										{
											"key": "image",
											"type": "file",
											"src": [
												"/D:/local services/elecrit=cal2.jfif",
												"/D:/local services/installtion 2.jfif"
											]
										}
									]
								},
								"url": {
									"raw": "{{baseUrl}}{{service}}service/add",
									"host": [
										"{{baseUrl}}{{service}}service"
									],
									"path": [
										"add"
									]
								}
							},
							"response": []
						},
						{
							"name": "all",
							"request": {
								"method": "POST",
								"header": [],
								"body": {
									"mode": "urlencoded",
									"urlencoded": [
										{
											"key": "name",
											"value": "Installation",
											"type": "text",
											"disabled": true
										}
									]
								},
								"url": {
									"raw": "{{baseUrl}}{{service}}service/all",
									"host": [
										"{{baseUrl}}{{service}}service"
									],
									"path": [
										"all"
									]
								}
							},
							"response": []
						},
						{
							"name": "single",
							"request": {
								"method": "POST",
								"header": [],
								"body": {
									"mode": "urlencoded",
									"urlencoded": [
										{
											"key": "_id",
											"value": "66daf6b2caa44f02a778c8ee",
											"type": "text"
										}
									]
								},
								"url": {
									"raw": "{{baseUrl}}{{service}}service/single",
									"host": [
										"{{baseUrl}}{{service}}service"
									],
									"path": [
										"single"
									]
								}
							},
							"response": []
						},
						{
							"name": "update",
							"request": {
								"method": "POST",
								"header": [
									{
										"key": "Authorization",
										"value": "{{token}}",
										"type": "text"
									}
								],
								"body": {
									"mode": "formdata",
									"formdata": [
										{
											"key": "_id",
											"value": "66fd67c2275a4c7a265832d2",
											"type": "text"
										},
										{
											"key": "name",
											"value": "Installation",
											"type": "text",
											"disabled": true
										},
										{
											"key": "decription",
											"value": "Installation of the pipes",
											"type": "text",
											"disabled": true
										},
										{
											"key": "price",
											"value": "4000",
											"type": "text",
											"disabled": true
										},
										{
											"key": "categoryId",
											"value": "66daeddb7958732b24b4660d",
											"type": "text",
											"disabled": true
										},
										{
											"key": "serviceProviderId",
											"value": "66e97407cda0061a23c37f5d",
											"type": "text",
											"disabled": true
										},
										{
											"key": "image",
											"type": "file",
											"src": "postman-cloud:///1ef80d33-655c-4460-b1ef-84c53e603860"
										}
									]
								},
								"url": {
									"raw": "{{baseUrl}}{{service}}service/update",
									"host": [
										"{{baseUrl}}{{service}}service"
									],
									"path": [
										"update"
									]
								}
							},
							"response": []
						},
						{
							"name": "delete",
							"request": {
								"method": "POST",
								"header": [
									{
										"key": "Authorization",
										"value": "{{token}}",
										"type": "text"
									}
								],
								"body": {
									"mode": "urlencoded",
									"urlencoded": [
										{
											"key": "_id",
											"value": "66e53a7f2bbc0ba715a09bbe",
											"type": "text"
										}
									]
								},
								"url": {
									"raw": "{{baseUrl}}{{service}}service/delete",
									"host": [
										"{{baseUrl}}{{service}}service"
									],
									"path": [
										"delete"
									]
								}
							},
							"response": []
						}
					]
				},
				{
					"name": "booking",
					"item": [
						{
							"name": "changeStatus",
							"request": {
								"method": "POST",
								"header": [
									{
										"key": "Authorization",
										"value": "{{token}}",
										"type": "text"
									}
								],
								"body": {
									"mode": "urlencoded",
									"urlencoded": [
										{
											"key": "_id",
											"value": "66e97ea29f094f26f6a960f0",
											"type": "text"
										},
										{
											"key": "status",
											"value": "ture",
											"type": "text"
										}
									]
								},
								"url": {
									"raw": "{{baseUrl}}{{service}}booking/changeStatus",
									"host": [
										"{{baseUrl}}{{service}}booking"
									],
									"path": [
										"changeStatus"
									]
								}
							},
							"response": []
						},
						{
							"name": "all",
							"request": {
								"method": "POST",
								"header": [
									{
										"key": "Authorization",
										"value": "{{token}}",
										"type": "text"
									}
								],
								"body": {
									"mode": "urlencoded",
									"urlencoded": [
										{
											"key": "service",
											"value": "Makeup service",
											"type": "text",
											"disabled": true
										}
									]
								},
								"url": {
									"raw": "{{baseUrl}}{{service}}booking/all",
									"host": [
										"{{baseUrl}}{{service}}booking"
									],
									"path": [
										"all"
									]
								}
							},
							"response": []
						},
						{
							"name": "single",
							"request": {
								"method": "POST",
								"header": [
									{
										"key": "Authorization",
										"value": "{{token}}",
										"type": "text"
									}
								],
								"body": {
									"mode": "urlencoded",
									"urlencoded": [
										{
											"key": "_id",
											"value": "66e037a93654583ff8a09f48",
											"type": "text"
										}
									]
								},
								"url": {
									"raw": "{{baseUrl}}{{service}}booking/single",
									"host": [
										"{{baseUrl}}{{service}}booking"
									],
									"path": [
										"single"
									]
								}
							},
							"response": []
						}
					]
				},
				{
					"name": "category",
					"item": [
						{
							"name": "all",
							"request": {
								"method": "POST",
								"header": [],
								"body": {
									"mode": "urlencoded",
									"urlencoded": [
										{
											"key": "_id",
											"value": "66daeed07958732b24b46619",
											"type": "text",
											"disabled": true
										}
									]
								},
								"url": {
									"raw": "{{baseUrl}}{{service}}category/all",
									"host": [
										"{{baseUrl}}{{service}}category"
									],
									"path": [
										"all"
									]
								}
							},
							"response": []
						},
						{
							"name": "single",
							"request": {
								"method": "POST",
								"header": [],
								"body": {
									"mode": "urlencoded",
									"urlencoded": [
										{
											"key": "_id",
											"value": "66daeddb7958732b24b4660d",
											"type": "text"
										}
									]
								},
								"url": {
									"raw": "{{baseUrl}}{{service}}category/single",
									"host": [
										"{{baseUrl}}{{service}}category"
									],
									"path": [
										"single"
									]
								}
							},
							"response": []
						}
					]
				},
				{
					"name": "review",
					"item": [
						{
							"name": "all",
							"request": {
								"method": "POST",
								"header": [],
								"body": {
									"mode": "urlencoded",
									"urlencoded": [
										{
											"key": "rating",
											"value": "5",
											"type": "text",
											"disabled": true
										},
										{
											"key": "review",
											"value": "All the plumbing services are very nice",
											"type": "text",
											"disabled": true
										}
									]
								},
								"url": {
									"raw": "{{baseUrl}}{{service}}review/all",
									"host": [
										"{{baseUrl}}{{service}}review"
									],
									"path": [
										"all"
									]
								}
							},
							"response": []
						},
						{
							"name": "single",
							"request": {
								"method": "POST",
								"header": [],
								"body": {
									"mode": "urlencoded",
									"urlencoded": [
										{
											"key": "_id",
											"value": "66e044b57cda6e6e1fb1b201",
											"type": "text"
										}
									]
								},
								"url": {
									"raw": "{{baseUrl}}{{service}}review/single",
									"host": [
										"{{baseUrl}}{{service}}review"
									],
									"path": [
										"single"
									]
								}
							},
							"response": []
						}
					]
				},
				{
					"name": "serviceProviderProfile",
					"item": [
						{
							"name": "add",
							"request": {
								"method": "POST",
								"header": [],
								"body": {
									"mode": "formdata",
									"formdata": [
										{
											"key": "name",
											"value": "Aman",
											"type": "text"
										},
										{
											"key": "email",
											"value": "Aman@gmail.com",
											"type": "text"
										},
										{
											"key": "password",
											"value": "123",
											"type": "text"
										},
										{
											"key": "contact",
											"value": "1242434554",
											"type": "text"
										},
										{
											"key": "address",
											"value": "Hoshiarpur",
											"type": "text"
										},
										{
											"key": "description",
											"value": "Health Care",
											"type": "text"
										},
										{
											"key": "businessContact",
											"value": "87387487348",
											"type": "text"
										},
										{
											"key": "businessEmail",
											"value": "Aman123@gmail.com",
											"type": "text"
										},
										{
											"key": "experience",
											"value": "five year experience",
											"type": "text"
										},
										{
											"key": "image",
											"type": "file",
											"src": "postman-cloud:///1ef820a5-ca36-4270-aaa6-a309b8e45053"
										},
										{
											"key": "",
											"value": "",
											"type": "text",
											"disabled": true
										}
									]
								},
								"url": {
									"raw": "{{baseUrl}}{{service}}serviceProvider/add",
									"host": [
										"{{baseUrl}}{{service}}serviceProvider"
									],
									"path": [
										"add"
									]
								}
							},
							"response": []
						},
						{
							"name": "single",
							"request": {
								"method": "POST",
								"header": [],
								"body": {
									"mode": "urlencoded",
									"urlencoded": [
										{
											"key": "_id",
											"value": "66e04f0a33711edb45749fca",
											"type": "text"
										}
									]
								},
								"url": {
									"raw": "{{baseUrl}}{{service}}serviceProvider/single",
									"host": [
										"{{baseUrl}}{{service}}serviceProvider"
									],
									"path": [
										"single"
									]
								}
							},
							"response": []
						},
						{
							"name": "all",
							"request": {
								"method": "POST",
								"header": [],
								"body": {
									"mode": "urlencoded",
									"urlencoded": [
										{
											"key": "name",
											"value": "Ravneet kaur",
											"type": "text",
											"disabled": true
										}
									]
								},
								"url": {
									"raw": "{{baseUrl}}{{service}}serviceProvider/all",
									"host": [
										"{{baseUrl}}{{service}}serviceProvider"
									],
									"path": [
										"all"
									]
								}
							},
							"response": []
						},
						{
							"name": "update",
							"request": {
								"method": "POST",
								"header": [
									{
										"key": "Authorization",
										"value": "{{token}}",
										"type": "text"
									}
								],
								"body": {
									"mode": "formdata",
									"formdata": [
										{
											"key": "_id",
											"value": "66fb7eab4842a6f5e5f99cfd",
											"type": "text"
										},
										{
											"key": "name",
											"value": "Manvi",
											"type": "text"
										},
										{
											"key": "email",
											"value": "manvi@gmail.com",
											"type": "text"
										},
										{
											"key": "contact",
											"value": "565656566",
											"type": "text"
										},
										{
											"key": "address",
											"value": "Hoshiarpur",
											"type": "text"
										},
										{
											"key": "decription",
											"value": "",
											"type": "text"
										},
										{
											"key": "businessContact",
											"value": "",
											"type": "text"
										},
										{
											"key": "businessEmail",
											"value": "23@gmail.com",
											"type": "text"
										},
										{
											"key": "experience",
											"value": "",
											"type": "text"
										},
										{
											"key": "image",
											"type": "file",
											"src": "postman-cloud:///1ef80d7a-e941-4900-9fe7-32736b5d3b87"
										}
									]
								},
								"url": {
									"raw": "{{baseUrl}}{{service}}serviceProvider/update",
									"host": [
										"{{baseUrl}}{{service}}serviceProvider"
									],
									"path": [
										"update"
									]
								}
							},
							"response": []
						},
						{
							"name": "login",
							"request": {
								"method": "POST",
								"header": [],
								"body": {
									"mode": "urlencoded",
									"urlencoded": [
										{
											"key": "email",
											"value": "Raj@gmail.com",
											"type": "text"
										},
										{
											"key": "password",
											"value": "456",
											"type": "text"
										}
									]
								},
								"url": {
									"raw": "{{baseUrl}}{{service}}login",
									"host": [
										"{{baseUrl}}{{service}}login"
									]
								}
							},
							"response": []
						},
						{
							"name": "changePassword",
							"request": {
								"method": "POST",
								"header": [
									{
										"key": "Authorization",
										"value": "{{token}}",
										"type": "text"
									}
								],
								"body": {
									"mode": "urlencoded",
									"urlencoded": [
										{
											"key": "_id",
											"value": "66f237feab3252aaf4c5d378",
											"type": "text"
										},
										{
											"key": "currentPassword",
											"value": "456",
											"type": "text"
										},
										{
											"key": "newPassword",
											"value": "123",
											"type": "text"
										}
									]
								},
								"url": {
									"raw": "{{baseUrl}}{{service}}changePassword",
									"host": [
										"{{baseUrl}}{{service}}changePassword"
									]
								}
							},
							"response": []
						}
					]
				},
				{
					"name": "customerProfile",
					"item": [
						{
							"name": "all",
							"request": {
								"method": "POST",
								"header": [
									{
										"key": "Authorization",
										"value": "{{token}}",
										"type": "text"
									}
								],
								"body": {
									"mode": "urlencoded",
									"urlencoded": [
										{
											"key": "name",
											"value": "Ravneet",
											"type": "text"
										}
									]
								},
								"url": {
									"raw": "{{baseUrl}}{{service}}customer/all",
									"host": [
										"{{baseUrl}}{{service}}customer"
									],
									"path": [
										"all"
									]
								}
							},
							"response": []
						},
						{
							"name": "single",
							"request": {
								"method": "POST",
								"header": [
									{
										"key": "Authorization",
										"value": "{{token}}",
										"type": "text"
									}
								],
								"body": {
									"mode": "urlencoded",
									"urlencoded": [
										{
											"key": "_id",
											"value": "66e05a07bd9a5e1f7249893a",
											"type": "text"
										}
									]
								},
								"url": {
									"raw": "{{baseUrl}}{{service}}customer/single",
									"host": [
										"{{baseUrl}}{{service}}customer"
									],
									"path": [
										"single"
									]
								}
							},
							"response": []
						}
					]
				}
			]
		}
	]
}