{
	"id": "89fdd7f1-f0e9-462d-8bd6-339ff3bbe778",
	"name": "Local_Services ENV",
	"values": [
		{
			"key": "baseUrl",
			"value": "localhost:5000/",
			"type": "default",
			"enabled": true
		},
		{
			"key": "admin",
			"value": "admin/",
			"type": "default",
			"enabled": true
		},
		{
			"key": "service",
			"value": "service/",
			"type": "default",
			"enabled": true
		},
		{
			"key": "customer",
			"value": "customer/",
			"type": "default",
			"enabled": true
		},
		{
			"key": "token",
			"value": "eyJhbGciOiJIUzI1NiIsInR5cCI6IkpXVCJ9.eyJfaWQiOiI2NmYyNDkxNzkzMjk5Njc0MDkxNmE5ZjMiLCJuYW1lIjoiUmF2bmVldCIsImVtYWlsIjoicmF2QGdtYWlsLmNvbSIsInVzZXJUeXBlIjoyLCJpYXQiOjE3Mjc0MTIxODR9.uMGGVBmPTGg2ouMTDDrSECtm8Sl2AqYwq0n2iWpRCZ8",
			"type": "default",
			"enabled": true
		}
	],
	"_postman_variable_scope": "environment",
	"_postman_exported_at": "2024-09-29T08:35:38.127Z",
	"_postman_exported_using": "Postman/11.14.1"
}